position,scene,repairedSurfaces,removedTriangles,tubeNetworks,entryMouths
1,COgheSpatial01,0,0,0,0
2,COgheSpatial02,0,0,0,0
3,COgheSpatial03,0,0,0,0
4,COgheSpatial04,12,96,0,0
5,COgheSpatial05,12,96,0,0
6,COgheSpatial06,12,96,0,0
7,COgheSpatial07,6,48,0,0
8,COgheSpatial08,6,48,0,0
9,COgheSpatial09,24,192,0,0
10,COgheSpatial10,30,240,0,0
11,COgheSpatial11,6,48,0,0
12,COgheSpatial12,12,96,0,0
13,COgheSpatialPlusE01,12,96,0,0
14,COgheSpatial14,12,96,1,2
15,COgheSpatialPlusE02,12,96,2,4
16,COgheSpatial15,12,96,1,3
17,COgheSpatial16,6,48,0,0
18,COgheSpatialPlusE03,12,96,0,0
19,COgheSpatial17,18,144,1,2
20,COgheSpatial20,36,288,1,2
21,COgheSpatialPlusE04,12,96,0,0
22,COgheSpatial18,0,0,0,0
23,COgheSpatialPlusE05,0,0,0,0
24,COgheSpatial19,12,96,0,0
25,COgheSpatial21,18,144,0,0
26,COgheSpatialPlusE06,12,96,0,0
27,COgheSpatial22,18,144,0,0
28,COgheSpatial13,12,96,0,0
29,COgheSpatialPlusE07,12,96,0,0
30,COgheSpatialPlusB1,30,240,0,0
31,COgheSpatialPlusE08,6,48,0,0
32,COgheSpatial23,6,48,1,3
33,COgheSpatialPlusE09,12,96,0,0
34,COgheSpatial24,6,48,0,0
35,COgheSpatial25,12,96,0,0
36,COgheSpatialPlusE10,0,0,1,2
37,COgheSpatialPlusE11,24,192,0,0
38,COgheSpatial26,18,144,1,2
39,COgheSpatial27,30,240,0,0
40,COgheSpatial30,60,480,1,2
41,COgheSpatialPlusE12,12,96,0,0
42,COgheSpatialPlusE13,6,48,2,4
43,COgheSpatial28,36,288,1,4
44,COgheSpatialPlusE14,24,192,0,0
45,COgheSpatial29,30,240,0,0
46,COgheSpatialPlusE15,18,144,0,0
47,COgheSpatialPlusE16,6,48,0,0
48,COgheSpatialPlusE17,16,128,0,0
49,COgheSpatialPlusE18,36,288,0,0
50,COgheSpatialPlusB2,46,368,0,0
